-- phpMyAdmin SQL Dump
-- version 2.10.3
-- http://www.phpmyadmin.net
-- 
-- 主機: localhost:2819
-- 建立日期: Jun 07, 2014, 09:47 PM
-- 伺服器版本: 6.0.4
-- PHP 版本: 6.0.0-dev

SET SQL_MODE="NO_AUTO_VALUE_ON_ZERO";

-- 
-- 資料庫: `fktalk`
-- 

-- --------------------------------------------------------

-- 
-- 資料表格式： `friend`
-- 

CREATE TABLE `friend` (
  `selfUid` int(11) NOT NULL,
  `friendUid` int(11) NOT NULL,
  `hasReadMsgId` int(11) NOT NULL DEFAULT '-1',
  `unreadCounter` int(11) NOT NULL DEFAULT '0',
  PRIMARY KEY (`selfUid`,`friendUid`),
  KEY `friendUid` (`friendUid`),
  KEY `hasReadMsgId` (`hasReadMsgId`)
) ENGINE=InnoDB DEFAULT CHARSET=utf8;

-- 
-- 列出以下資料庫的數據： `friend`
-- 

INSERT INTO `friend` VALUES (1, 2, 10, 0);
INSERT INTO `friend` VALUES (1, 3, -1, 0);
INSERT INTO `friend` VALUES (1, 16, -1, 1);
INSERT INTO `friend` VALUES (1, 19, -1, 0);
INSERT INTO `friend` VALUES (2, 1, -1, 2);
INSERT INTO `friend` VALUES (3, 1, -1, 0);
INSERT INTO `friend` VALUES (16, 1, 8, 0);
INSERT INTO `friend` VALUES (16, 19, 26, 0);
INSERT INTO `friend` VALUES (19, 1, -1, 0);
INSERT INTO `friend` VALUES (19, 16, 25, 0);

-- --------------------------------------------------------

-- 
-- 資料表格式： `gcm`
-- 

CREATE TABLE `gcm` (
  `gid` int(11) NOT NULL AUTO_INCREMENT,
  `uid` int(11) NOT NULL,
  `gcmRegId` text NOT NULL,
  PRIMARY KEY (`gid`),
  KEY `uid` (`uid`)
) ENGINE=InnoDB  DEFAULT CHARSET=utf8 AUTO_INCREMENT=7 ;

-- 
-- 列出以下資料庫的數據： `gcm`
-- 

INSERT INTO `gcm` VALUES (5, 16, 'APA91bFaORY1G7FCx6sO-n92t8172KXaKo3Ul8DH9LgwdScZRDvRMQDkC5GS_78MznYPk1nOS5LOfbgwWRDV4CrgRwWMYB56OtVn1P5PE9GAli37953YMOmVm4nP7vWTy3XfqG-BVDZ80PRT7Ur8wXRIonpve0yH3A');
INSERT INTO `gcm` VALUES (6, 19, 'APA91bHyWDwJGCBXb3in4vZ1Ls8C1GS8_RMio-agd5XEXFKzGsy9JcdqIExFvD0jErkbWjL7E95jmTRyEFpgE0UJpwcmkt4f8Eyk2_So-g54DJlZn8tJIPXy-cAjxQwUDLwEbOt9EXuE');

-- --------------------------------------------------------

-- 
-- 資料表格式： `message`
-- 

CREATE TABLE `message` (
  `mid` int(11) NOT NULL AUTO_INCREMENT,
  `senderUID` int(11) NOT NULL,
  `receiverUID` int(11) NOT NULL,
  `message` text NOT NULL,
  `timestamp` timestamp NOT NULL DEFAULT CURRENT_TIMESTAMP ON UPDATE CURRENT_TIMESTAMP,
  PRIMARY KEY (`mid`),
  KEY `senderUID` (`senderUID`,`receiverUID`)
) ENGINE=InnoDB  DEFAULT CHARSET=utf8 AUTO_INCREMENT=30 ;

-- 
-- 列出以下資料庫的數據： `message`
-- 

INSERT INTO `message` VALUES (1, 16, 1, '哈哈', '2014-05-17 16:45:56');
INSERT INTO `message` VALUES (2, 16, 1, 'QQ', '2014-05-17 16:48:28');
INSERT INTO `message` VALUES (3, 1, 16, 'DD', '2014-05-26 09:31:49');
INSERT INTO `message` VALUES (4, 16, 1, 'ㄒㄒ', '2014-05-17 16:53:56');
INSERT INTO `message` VALUES (5, 16, 1, '{&#&type&#&:1,&#&data&#&:{&#&latitude&#&:25.0372755,&#&longitude&#&:121.5301592},&#&message&#&:&#&100台灣台北市中正區三愛里&#&}', '2014-05-17 16:54:02');
INSERT INTO `message` VALUES (6, 1, 2, '123', '2014-05-18 18:39:39');
INSERT INTO `message` VALUES (7, 2, 1, '1345', '2014-05-18 18:39:39');
INSERT INTO `message` VALUES (8, 1, 16, '{&#&type&#&:1,&#&data&#&:{&#&latitude&#&:25.038415,&#&longitude&#&:121.525258},&#&message&#&:&#&106台灣台北市大安區民輝里&#&}', '2014-05-18 19:52:52');
INSERT INTO `message` VALUES (9, 18, 1, '哈哈 測試中', '2014-05-18 20:57:32');
INSERT INTO `message` VALUES (10, 18, 1, '{&#&type&#&:1,&#&data&#&:{&#&latitude&#&:25.0437964,&#&longitude&#&:121.5334709},&#&message&#&:&#&106台灣台北市大安區民輝里&#&}', '2014-05-18 20:57:40');
INSERT INTO `message` VALUES (11, 19, 18, '你好', '2014-05-19 19:43:46');
INSERT INTO `message` VALUES (12, 19, 18, 'ㄅㄆㄇㄈ', '2014-05-19 19:43:54');
INSERT INTO `message` VALUES (13, 18, 19, '哈哈', '2014-05-19 19:44:05');
INSERT INTO `message` VALUES (14, 19, 18, '{&#&type&#&:1,&#&data&#&:{&#&latitude&#&:25.0192623,&#&longitude&#&:121.4276524},&#&message&#&:&#&242台灣新北市新莊區西盛街158巷口[社巴]&#&}', '2014-05-19 19:45:20');
INSERT INTO `message` VALUES (15, 18, 19, '{&#&type&#&:1,&#&data&#&:{&#&latitude&#&:25.0373268,&#&longitude&#&:121.5300743},&#&message&#&:&#&100台灣台北市中正區三愛里&#&}', '2014-05-19 19:46:05');
INSERT INTO `message` VALUES (16, 19, 18, '送', '2014-05-19 19:51:43');
INSERT INTO `message` VALUES (17, 19, 18, '再一個送', '2014-05-19 19:51:56');
INSERT INTO `message` VALUES (18, 19, 18, '還要兩個', '2014-05-19 19:52:28');
INSERT INTO `message` VALUES (19, 19, 18, '剩一個', '2014-05-19 19:52:36');
INSERT INTO `message` VALUES (20, 19, 18, '1', '2014-05-19 19:54:29');
INSERT INTO `message` VALUES (21, 19, 18, '的2', '2014-05-19 19:54:34');
INSERT INTO `message` VALUES (22, 18, 19, '{&#&type&#&:1,&#&data&#&:{&#&latitude&#&:25.0373509,&#&longitude&#&:121.5300806},&#&message&#&:&#&100台灣台北市中正區三愛里&#&}', '2014-05-19 19:57:08');
INSERT INTO `message` VALUES (23, 18, 19, '{&#&type&#&:1,&#&data&#&:{&#&latitude&#&:25.0372949,&#&longitude&#&:121.5300583},&#&message&#&:&#&100台灣台北市中正區三愛里&#&}', '2014-05-19 20:44:53');
INSERT INTO `message` VALUES (24, 19, 18, '真的沒有嗎', '2014-05-19 20:49:05');
INSERT INTO `message` VALUES (25, 18, 19, '沒有……', '2014-05-19 20:49:37');
INSERT INTO `message` VALUES (26, 19, 18, '我有....', '2014-05-19 20:49:46');
INSERT INTO `message` VALUES (27, 1, 2, 'testMessage', '2014-05-23 14:39:24');
INSERT INTO `message` VALUES (28, 1, 2, 'testMessage', '2014-05-23 14:40:02');
INSERT INTO `message` VALUES (29, 16, 1, '登登等等', '2014-05-30 21:03:23');

-- --------------------------------------------------------

-- 
-- 資料表格式： `user`
-- 

CREATE TABLE `user` (
  `uid` int(10) NOT NULL AUTO_INCREMENT,
  `name` varchar(20) NOT NULL,
  `phone` varchar(10) NOT NULL,
  `mail` varchar(50) DEFAULT NULL,
  `token` varchar(20) DEFAULT NULL,
  `photo` text,
  `password` varchar(100) DEFAULT NULL,
  `FBID` bigint(20) DEFAULT NULL,
  `googleID` bigint(20) DEFAULT NULL,
  PRIMARY KEY (`uid`),
  UNIQUE KEY `phone` (`phone`),
  UNIQUE KEY `mail` (`mail`),
  UNIQUE KEY `FBID` (`FBID`),
  UNIQUE KEY `googleID` (`googleID`)
) ENGINE=InnoDB  DEFAULT CHARSET=utf8 AUTO_INCREMENT=20 ;

-- 
-- 列出以下資料庫的數據： `user`
-- 

INSERT INTO `user` VALUES (1, '謝宗廷', '0987103180', 'gary62107@gmail.com', 'acd04450-dc63-11e3-a', 'https://fbcdn-profile-a.akamaihd.net/hprofile-ak-ash3/t1.0-1/c37.55.466.466/s160x160/547766_578607275491125_1443285479_n.jpg', '$2a$10$n3pRsthGXPk8hHaMfbj3HOYNVyUdR8P67Aa00MXfkGaS9uoMnb3dS', NULL, 100000255741179);
INSERT INTO `user` VALUES (2, '123', '0987103181', NULL, NULL, NULL, NULL, 123, NULL);
INSERT INTO `user` VALUES (3, '456', '123', NULL, NULL, NULL, NULL, 12, NULL);
INSERT INTO `user` VALUES (16, '陳科銘', '0961276368', 'believe75467@gmail.com', 'be3dfa00-de8b-11e3-b', 'data:image/png;base64,iVBORw0KGgoAAAANSUhEUgAAADwAAAA8CAYAAAA6/NlyAAAABHNCSVQICAgIfAhkiAAAIABJREFUaIEtuPmv5ul9pnU9z3df3v19z77UObV2VXVV792O22nHcXtJPMGZYHtiJoARYUIggwYNGgWBKAU0zAhGQgRFDBNGiQiGgXhJnMSZtLdkerO73V29VVXXfvbznndfvvvy8EPz0+cP+Oi+dF+32HzqV9Rio4mtlRwNB+iOjcxAZoLNsxukiYNvRuTCQGUF/fmMhq2YhRFVd4l6RSPWBBVp0u+f0Go08Rsd9ntH1IwqqiwhSZlmczqtBfrHXVqdBZxWDTWPqbgW3eM+mu/SbDaYHM64P+3x2PlNSpXTG/RR0kCzHBzPZZIojkch8zDGtUxcS2cwfMj7t0Mubgp0NSeNBOF0xPbaOlq5xPqpFpgWdx/cQls+f+Va97iH67qofMj6wiYHx13ickKvX6IVU2JVcjjo4bk+tm3SaC+jK4gHKQvry2RRyunFBXRdIjBxXItmpY6wfJp1myiYs760jO+b2BUHy6wyGY1YWmkhlQDNBimwbZ1hEbDZWcb3LKIcGn6LSt1lqd7Ekjnf+fM/wtcKfDtnXTMx7ZhwlLBd16noguEkRiU7pJlBWcZk5THJfEq3f5esO0JbXNu6phc6UZ4wzwvyrGQ2i3DcRdxqxqm18xyNA1ZWlmlUa5ApSAOai2vc/PBNpGNhScGf/+AnbJ7exLVNRuMThPQgj0imMZZlIk0b2/XoHh5Sc126/QkqzZhPAzIRo0kN8oiq2wISkiynLDNGswllEtI9OiLNc378459y6eoVyDWceoX++AHJXCNOc4aTgoolUIbDUquKFE1UURBpGlGUk8kU7bmP/eo1261x/twFVCExHYv11Q2iYM5SpcHh4Q6GUeIrwVF3Rr3qkUcFUpM4bZu2tcR8nuEYNmlRMA1CvHqL2x98SKPpM4lGPDy4j5Il4Vzh+TpZXLK42qZuu2RFgeVoSGwKcoajOZNpgGnoOI7DbDTDdR1M00LIko3VVUazACF1ToYDHK1ClkImC5rNCpYrMU2T/d0+eTni/NYZwuGIQX+CZVhoseNei7KIyWDG6aVTRPOUeZbRaFaYzCMMGeFqDtJ1sKVkOg4J+nuY1Q4n+xMWOzX2Boe4NqwtN9ErDsksodmuYzkuSikM6dKo1DG1hL1xhi6hVArT0Mk1iZCSkhQo0U0Tt+EjwoSCkjTPkCrDr/k8ePCAitFgGM1Za7aJI0URZSw3m5z0hjhuia457A1OqFs+zWqNOE3RTRc8ncVGA7lQXaYoYywh6I7uk2s5aXlE06lgAvPMZHV9jbgfYuoajlmAuUQw6nH61BpCCdp+hcX2Kv3RiJq0kMS0XQ8VBYwPdqk7JQjQXJeKIYjHEZopyEWGrWsQR9iOy2A4pl2vEM9iBvOAeW/C2soiKos56u5yenUJ09dZbdQZDE6o1ZvojkMvGmLbDvHhMVIKlqo1qr5LP5wjbANTc1n1fPIgRFtYvnBN5JLJ7B5hUFCmISYOGjrVqo8h4GQMS80mg/GcWe9d1rcv0Gg5GIaFECW2VyGeh+iaS6oykjjm3sMxhUqxKk2yQqPqe4zGxwhlonsWrWaLnQcjDFFitKqE8xjTtEn1korjkaUpmcoxTEUYK8KTkFIqwmSGMk2yKMEzEwoVIg1J1bIw7QUsI6eYa5iOoGL7VHQXz3AQpouh2Wjewva1vDDxbYcXP/8F+sOIQhRMhiPa6+ssL7eI4gwhJLWKg+13qDpNTM/B0m2m04TdwSGmY2DbBb5fI40Kzj+yjm2b1Co1eoMuTqUNyqFedTFNncF4TLPhM0szOs0mURQwm4TUax6WZVCt1kmSnIrnMOrOqHaqxMEY33YpQkW12sbTfPLCZtIPKcMQZ8EAJWk1m4ynEa5dQZkalUqVeZHTm++hld7Ctdmsy+HBDV7/4ctkRspi9RRnl2uM5n2iSY5vpYzGCSt1j7RQ2LZFzfcRSU53PGZrdRGz1NDsKnqhiPMEzzBACkqR4FoNanWLJEzwKg5xlFCr1XBdA8MwaDR94iCl2mlSq7kk84Buf4wlDRJNUK/73PvwHqsrqzieC6aB79tIS8eTksWVFkqA7+oUsUajXWXJq2BaFsqQjKczGnpGHGloH3v2c9eWlh9he2ODc1cuMjjusr69QRgKKn6VcRQSBRp1z8X0HDzH5eBgH1M3qdQdwKTqW+glNKoNZJGg0oKkVBilIgoD3IqHyk1qDRdDFri+xyyYUnEdXNuiezJhabmFqwR5KZgEIVXfwTBLwlmEiiOWN1fJVIKi5C+/+ZdUO6sUhWAchzRrNTTPhsxkNp1SqIwsiyl1nfk4pkgChKlRJiXycDTAKiOCVPLw7h7t9grjSUQUjUAFHN26Tc2dIYuAwe4BehHS0GMMFcF4QjoeMjk6plM3mA4fMp1MEPmcxZqDFDntWguyGEefUDUkskgJ+kOy8RzfhiQcsLHoMxuPkZqiTBNWmnVqtk3Tc6makorvQhxBlNHrHpGU+6z4DVY6FaqOTZmXLDVqOLZBo2qwsbaJqNURUlKvebTbbYaTHKSF3l5q0F5YxBtNaVg+nmfw8OFDOuublORsXbrI+TMr3N074b/45TN4Tps4aKJpGs2FFqpQTLp9zLqOpm8QxWMMqhRlSaW1zsnBQ5r1Oq2NbUa7XaxaiziNqVVOodKS2solkiBBaCZOs4nl1RBoKE0jngwY7N7Htm1+7w+/j9dqcnh4yKnN83htC8s2MHpToiLAngjm8wDddblx/V1eePYJYqV498O7VCoGZ7cbmEpHO7V2+tr+/UNSveCDD95FAzRNI8slD/ce0llpMBnPUUnBo8sWmjYimk6p+AZ+pUKv95B6s0YyK0GLSKIUKTVMM0bXLCxLkmcFli5RJHi1BhV/gSiY0ljqoDsuUgl0x0DlKYbtIS2DIpySTHqodI7UdN6/vcNOLyYpZxh6RtVtkeY6bs3BkxbH8xMcw6U/HbO9tkwiBNffu4Nte+z1ZgTziCyZIpPMorm2Rl2v8YnnPklS5szTCQuLNpurS0xPQoTwKLWCPI9BKHzfASlJkimO7RCEEzBiZoMRmiGQKqPMBKrMMS0P168gypJqawFKhW4Ias0WmmmQRzOKsqCysIrbaJFHYyhn5FlMpdHANAWUMb/xG/8uNVunWbVxbJc7d9/H0XPG4wm9cZ8wUOQmmJrOaDqjKApK22CWp5hqjqHlZKmJLFRBEkzZHw4JwxDNdrGdDiJN0ApFq+kRhgM0VeC3WhilBmZJmsWUZYpuCAQxTq2G61sYAkzTwPZtgnSGLg38qou0XZTIAR2MgiwZgcowrQq1pUXiwS55OkXTSqR0EEWM0hSKHKkV5PGAUi+xRY219ipZGTEczSnTBCFNkiRh984OURRQbbTYPdxFRBF6mmBqPjLTOR7FyNWNi2SiTlo6vPLm6yTTlDJOub/bZTjNSBNFUZSkYUC16qMZKZ5VxzMlmiGwXQvLdBB6Rm15Bb9mUuu0MSzJyuo5bE9nOuzh1XyKrMSuachCUW0vYVpVFDHCMtBcHyF1DEejKGaUWUQymVJZWMarNdDLhPXVsyysLnA8mlBkOfNoymA8xxE6Ti7RLJNzG6eJswzLtijNhEhNOB52OZ4fUzVnSBHMOb/U4tJmh+cef5I4GNFu+Sw2KywuNNFEgFak9MdjhAiwvSaazCh1hSg1ZoMeQipcw4Z8QlmWROEMy6ojZYlmOrRX15gPutiejufVyNMBhusRTbpQ5FCEGKaB6Vgou4IKJzitBk7dp0wSpKZh2TYnwyH9wZiqZ5AXMWEWs7G5RD+eMZsG+KaN0AvazQbjUQyxTe/wBK8Kpqii2RXkeHDE2++8y97DPmvLG1zY2qaQJdMk5PB4nyQTLG+uYZsZjtGgLAOkmeHX6khNYRgWlWab6eAQv9Km2V7CMCSappHnMaoMMGwP07Xwm4vMRsc4tRZQomkSs1ZF6DpJHKMEiDRGtJfRdJM8TzCbNTQtJS/mFHnAqQvnGE5i4jim2x0xHU5RCGblmFJTHJ5M+MlPP+CJp5/ErpisrqygSYvj8SFpOkQeD+e4rklnscF7N28zzxImvTH1eo1kFuJacO/eLs3GNlkxxdRddMMnDmcYlsXi5hp5OqOzcgpNGiRxit9YwPI86q02llOnyBMaS+t875vfoNJZpcxjDM/DXljE8BoU4z5Ws45wquC4iHmA0jV0y6SIUjS3RZnm1Cset65f58mPP4OkwnqnxfHgiJPuIQuLHbIcolLDcU12Hzwk7B+jOwVGKmjqJp5rIc+f2+TC+fOMpiP8isNkmPPY5fMYqWJ9vUISp7RqJoNgiuvVcF0PwwS/6lJpLTAdDak0TlFkEXk6p716CscwsF0LNB3D8fDrVbLZnOEwQNcN2FgG00e3aqhsDo6NyiJUmaBUgXAcMD2yNMdwbYQAp1JDyYStrVPcePNNhtMRlQWXhuuy3LYZDI9QScZ8NKI7GjHs99GrVaRWYZTNWNxepT9R6FvLp0hEyXqniVIBQhXcu/eAslQEWUjQ62M7kBdTKv4XSeYJZSqodVpkYYipmViWhRQVTK9FSYJeqZDMpliNCiqB/+rPj1momPzWb/4nDN0h9bCJqFZQYo7SDaQAUWYoTSLznELXEapAVwnFvECvL6K7Je+99Q7DeUiW53hOyeuvfp9oLkmIieYmpfUOeZ6j4XDfyJnO5gjTII11xJvXUe4YfRad0D0YkGIzCE5Y7pwmNgL2b95kaaGJ2bZJwxihhShpkcUjLL8FwkDqBW7dJ5js4zgOKktIoxFudRGn2ibLZui6z+98toWod+i+f5PX/s33+MJv/Xfo0QmUJcKrITAoNZ1CmiAKZBqB6aI7NZRSoArKMsa0DBbsZeIowW+sIfMJh8d9dKVhGjCfN6nWbTSzgiwKtld0HnR70CgokxBNLqIVsnVtdf0caZlzbm2ZwvZYW6hSqIyzF7eYzEN0x2Z7+RS/9OITOJ6LoQSGbWD6TfJwimnW0K3KR7OPV8GsNlFlShlLnFqLIlckwy47H97iM//+19DCE0rNRroupdQQ6QSZhaBZFGmC1HSEZqBUgQpnIKDM4PBwglFrE84SfuGzn+LocMjW5lniTHHx0UtYhiRNc9aXlnAbNSpei5VmhZbXobQqnN9cQXbaK2gSLpxe5f7xCF/38L06o0nM3t6AleVFXENDGIIsDCjjFN00MExJEcUIqRFO93FbVaxaHeHYkCeUSYDm6/z0u3+C7blUV8/x1IufRRQFQnrs3H4AUkcO7iPKgtxbQBYxwmlQGD6lypFCIKstQFDGEVqZ0q63WDu1ymuvvonjeBiez5kzZ8jCjCQSrC5u4ngVqqZNGCSgbLxWi416myyKkGfPnua42+fVN29Q95o4ro6madiWj5ZrjCcB7WaHWZ5jODZZnqAZBVLaaHqJXW1Sa6+QZgVlGiELRZFMcFrr6BKe+twXKaSgyKYoXYJQiIrH9uklKCOypUuklSWU1CnMKlo5R0tnKM0BpUGekox6mM0mVjYnCocUZcbG5gqD8ZTRuMt4mLC3f8jyZovJLOPJxy7SXl5jo+0yjWOGR4cEwYyj/gRp2i5Xrz5Ca2mRcxfX0G2LaZFz5eoFJtEMwzCJwwRPd1BI6qsbaLKKUa3gdpZJh32mkxhZauRhRlFYpIlGrkp006WQAiF0dFGiUaKEhTJ9VG2RQvcoMNDLHFkWyHSKEDoP33iVUgBCkYUB9tI6Ko352j/4LTy7haPb9KdzLl/cosTkzOllFjcXONwdUPE0Xn7tbXY+vMtr77+NsKEoFN3+EDQNuf/wiPtHJ8hU8ODOMeNZQNWsE8wiFlpriNLAa9eo1Sq4XpU8TUizDKU08kLir53mJ6+9g+F5fP8v/zWm5/CDb38XabkoJN/9l/8b0l/k9e/8gLwU/PAPvo6Mp0hVIic93vvDf87/+1/+OoKCD/70O7zyv/7PbD33s2h5QjEbYLg+RThDmB7FZMDxSY8syzELQTBPuPHefQ6Oj9le3OTChTPU602ee+YilcUaH3v6ebaXV7Asi2d+5hmevnwZubaxwsefvMqd/SNcTWLk6UfZMEwuX94gy3M07aM+PTh4gCFL/IVl0iSBMkFqgo3NRco8perVUFKn0apTTrpkYcju3XuM790kz1NknrC0vvQRefOMwrDQdMWX/+F/S368Q1rGPPb3fwfKnFIYKE1HoNCUQdw/ptDAcUziNKE7GDPLQl544WmWF9c4PBmRhLC03mbvaISZ5oRhRHcYc/HiOfb2j7l97yHStQzefecW6+0mR6M5me4wjecgC3YedKnWOsz7E0zTwq00iJOM0rQowwBVpATjHld+9nNINIazEXk45+O/8hW06iJmc5W/99//j1TrdZ790i+DVeWRT32eH339Dyh1G023aDQaoEu0xgLLq5vY0x4qB63IkbqOsl3mx3c/AqVj0llo4boOzz7/DONBhmE7jGdzdNenNxrROzrGFjZlVkJpABrDacjW+jrbZy6h//iN9zh79ixBMebMcoWyKKl6Folm4CzXuP9wD9urUKm46L6Fhkk6n2HUWpRFTjge4bYi/vAfX6MoPczmEhQhpbDRihChaWiejhQlqsyQWs7P/d3/EBHPUZpOc32DQrMQhcaH795g+dlPgbCgSFCmgwoCnJVtZFZQFimz+Zyt0+c4POrx/MefBF0nT3MWFpd558YHZKrkxof3WFts8WCvz0qjw+FJH6mFCErk2vYaQpR06nU2T28jVIYSBqbt0e/3QDOoVH2cls/kuEc8mmIKhZQCp77A4vZFphONSmuD+kIDhYYSJq//H/8CdIu3vv1t3vveD3nz23+OkA67b1xHFQV/9vv/NyKL6D7YBX+RJEmRnsO/+Pv/Ad/+r/8Rf/P7v4/AQJguGjpKkxRFzqmNbYo0o1WrIjSdWzfuUG9WefPNt3j4YZczp7ZYqC2xtrrO5YtnKMuSTrsNKqVWtRBf+NJ/o86e2WD3/gnDeYLl6Zw7u8WdO3eouQHDbsHaWpMz621+899+jDwaU11eQAiTPIlBgCwleRpi1ZZRZGi6TpHM0WorqNkEDIFwG6hoCFmKaq4goyFYLiggnIJlonQTIQ0oCrLREaa/gFIS8hnZZIowTP7j3/4mn3zxE/zw5Z9wamOVQa9PtV7jlVdvUaic6uIig16PerNKtVEhmKasLy/y1o0bFGWO9HwLrTQIwhntjkOaJyx3ljGLkpODhNPnNsjjhMFghK5bOL5HNBlQpjNUmqLKHIHEqbdRWYgQgGmiuTVUlvNXX/860qmhULz6rW/z+p/+BTKYgFXjjW/+KS/97v+EcluUmglhSJkkiGCK6VRRElQ8I+6dkKUx8XjKl778eW7ev0sYJBx3x9w+PublV27Q6DjYToUyL7h0cZs4iNCSnMV2le5kzFOPnuXK9iby0cuXuL23S6e9wMHOPiIp2evusLm+zGFvxu5enwSJKnQmvS5pkGLqHkLpKFEyPzpEejroGkUWobKcMoooopC3/+Rb5KWgiCMEgjKWdPsjijhBhTFbj13l7LPPo6Z9tKxAGBayzFF2DaXrlGFIkYTkWQlYpEnKm6/8FJSiveDjuToNp00UxWydWsWrerQ6Lbr9GaXUKHWDm7e6bK13mAUxoyBBk872tfOntri1c0Td8bl/cMyli1tMxj3Gu32efOoMOx9+iO3nfPqxVcpsjNQ9hCbQDBO3XicPI1SZYvodyGOkkEhNY3l7i9PPPIuuGxSWw6lLF7nwxFU00wFDx3U96hsbCMOmsPyPpEF3KcMJQugIBUWcocqCIosRms40Uiwsb3B8cMJCq0OQJeiWxt3bh5w+tchhb8h0PqXTaTCdZzSbLr3RjDIJGY5myCTL2d05QSsz7IbJ1StbCAzeeWeX5z59lf3dQ1bXlhFGFSELpN1E5VOSOKJIU6L5GFFGICCdHoKQZEWKcuvg2EhNQ0mJLBVoOmoeoiwblWcgBSrJoFCISfcjeRj3kG4TJQzQHTTLRSkLzaojsEknR/zkzXfRbZvdbhffNlg7tcDGxhL3j7oksylxkuJXLNYWfe7f2yFLRmxtbZPPYmTFc7ny7AUqjs2ZrRXSeYHvOJzbXuT+/UPCLGCeFYy6e2ThlHCwi0oDDKOgSKZ49RpJOEIXEo0SRIKuS0hGIAyEpoHUEOqjvCu/CnGEMG0wrI9kA4G0G6AkmltH5TkqCVGlosxBmBZ5qpjNEj75wlMI3eL9G7tULYfnf+ZjNJw6W9tLbC53KDWJLlziWUKrVePU1gbN+jJvv/8Be8cP0GoLj1+bjALOP7LCS3/xOonIWFvqMBwOcRzYWFzC8mz0suDF5xbQLYe8VHiVJsK0SacTHK9KFkfonkEajDGcFkiNYjpCWi6UUOouEgVJDJZNOhmilRkiU5SFQhUFAoWQBnkYoUkdlCScDKEoyeKYKEyZjwNeu3XImQsb7O71eev6TS5ffoTRYMzDwz5nzqwQhSG6pXH/YR/btmhVKqxttElwkI2WR61js7NzQnu1jWXqIGA2m7K5uMBwMGM+GBGEEWWRI6RAociThHQ+QuUxpSaRuiCfB1huhzKeUAYzNLcCQoIEWWaQZQhpIdIc22uB7qBMBzSFCmOE1FFlgW7YZElGHobomkUcZRSlIE8UpmMyDzP6JzOuPHWVSTBh92iXg8M+H3vqIoNen4VODdvS0YyM0WjI/d0+r7/xNraeIl3PZv/ehFbV57FHtnEdn7yUXLl8ljfe/5Bqx2dre50b79wjKQJUGuI4JmWZYrs1hNDI4xhNSKAkmfQI+l1KmSKE+GjVyMuPblmgPI88icmCKaKQlGmBFNZHVE1SVJaDlJRxjGaYKGUjTYd4HDAaBkhpcOHiOabzPi+99AO21ja488GHjOOAb/w/f8VRb8D19+7ywx+9iSglDw8eMBvtoZsdRsEYeW57g8ef2sawHd547ya93oA4nfPOBw9J44Q3rn/IjQ9usbq1gF7YFHFJlsVohkGexcwnPcooIJqOyOYRskhxqlW0UiCyGKEkZZ6iSg1lujANMCoNNMuniEM0TVEmBbpuoFJFpkzypESzq2Q5oCVkQYBbrVFp1EnilGQ24+knn2FlqU0QxTz22KMEQciLn3+ePEr4W7/4LCtLi5QlrGxssbC1Cnmf228/QGstPXVNabCzc8CplSVySpxKnaO9+xiGxmNXz+JXa2gi5vlLVXTDxPaqCHIUGqgMVWpojo1SH7lvVqQgLZT+UXlXJUitoAxihGVRpCkqy9DMKsl0iqQA6ZKXYBgGqlRIUyOLMpIoR5UQjifEuURkId969Tb3PuwynQ3I84w7e8c4UrG/EzJIAsoywnQMmq7BWqvKySRiHmXU6h76Sb/LykqT2zs7XLl8lkJmmIbANKtsrDcZDiMcS3J7Z0ASnMYwM/r7Byxun4OyJM9yhBajIh2hCYRhksQp0m8gc8mffes7/N4/+12CaUllcZUg04kKhbf0CCqfMZuOsSouSrpEacY4nGGYPkiDWtVhOBkiMFhZ7nD1ymmIEi5dOEdpSUSa8ScvvcrjF7eYDAMGKoB5Rh4U3L6xy+c+/wk+fHCPo4d7tKot8ECvVOu8e3OP5Xab2zsP0DULx1NMwoDXXu/y3NNXuHrxAgKD//NWm1df+2vee/8D9GyMVVtkGh6zuXqJwWBI3daIo5Aclyg9wlQ2jVPPE9WeJ9H6OLaLkiB1SVapoecOWZkxzS3MsiQuIVc2mpbhWh57B8eoosTyCkajOZbnU2Y5Tz57lR/98GXev3ePquXTXmpRlCWD4ZQnHjlLd79PkcfcuH0LiU+mPCLDYr1mov0P/+R/uTYcBSwv+ByfFDxxYQPHaTKZnOD4Lk88epX3P7zB4fEJ9fYyD3cHUIbojothVvDyGtZCB5VlzLoDmkvraKbPcqXDIJxSWViBMsZ1DFy3SRRmVDoeSrqUWUoQ64hSwf8/Mrieg23ZaJaBpZtous7W1gLTSUwwmuNXbK6/fQvD1RhPQgxb58GtPR50Tzh/YZk3rj9k7XSLMg6ZFSYngwFx2UMvTI4nEfLVN97k73zl5zjsjuh3H9JZbREkE1ZXmmh5itTmDE5CvvALP8/2Sp1HVlqI3CSL5kxHMS9+4eeYDiM2Vs5x/uplcnJylTDMIxZbm5iFwcLqEpNUMI/nlImi7rVZabVwnCarS3W2LmwSZBm646HbOjkw6U/xazXsqs39Bz2iKKHarDGYl6Dgxr1dgllEnoa0NhdoLToEKZy9sMTDBwPqSx3aVZ3p5AENt0lZDKh6Bto3v/HNa7/zT/6AX/78p0nmAboy6A3GPDzYY9xP+NynXmBtfYF33vkApQsGYcq5c2eIE4HvSH7yk/fR9YCKX+e9G2+RFVAxPbIygzJH8+tsby7T7x7i6QZmxaVM5xwM5yxsLDIbTxlORsymM6QUpEnEUmcRt+oyGo9xPZ84iInKEXsHI5aadaZxysHJHprpYVk13rvxLu+/+i6rGx0+fOs2P/+ZZ7n+7g3eu3mdi+evoqmIeZLz8N59tMHQvxaEOV//o29Q6VRpVl06i03efut1bKtCViR0DwYkecI8Tjg5GXPz3k2qmo7uGhTFjDR1sJttOr6LhkmYBzT9KokOhmOgFT6Hx11yFEkWohsV+qOIlZUlwmCAEgaTUYTt6rRbTeZByWQ2Jo0SojjAMRxM6ZLlI4bTKc8+8zTjwxnTLIdiRqu1hO55uFWXrbPr/Nl3v49dQKJKgmTCSX9MksETT11BfuVXf4nXfvQj/q0vvcBslvLKK9c5ODqh4TXIpOTWwx32pidcf+8uNUenXvd54vGr3D3cYTALyDHQ/BLXV+heg0BF6HrJKC442d/j6P5dai2fmrQpywKrahNlMZqKyPKEB7t90nCOY1sMu316J3u4boImNXI5Z3FhgSCLeNC9TxTNWV9tUc7HODWLYDilYdUwhOLJR89Qs2F//xDTgCee2eYmSn/EAAAH4ElEQVSTLz6FjHT8qsbm9iKDfoS2uf7ktZbns7FxmuHJIbPZCGH6VDyL1ZVVDncOefT8FkJJRoMA27P4wcsvcWZzk5SUJEtpOHVKs0KnqnPn/jH1ahXDKLENiWX7GP4SD/bu4zSaDLsBUTgjSWLOPXKF+XRCmeXEBFiGiVQWhRYThYJmvcH+wQlJcYglNBzHwfe3EHrOf/6b/w5Hh8e89OpfgdSZzTJu3d4hTPqMRymjvKTh+bx//wBRgKHN0dUcbfc4u7Z1+gzz+Yjv/MXL/L3/6MsgSoQM6He7DKI5wWTOjXsHlBpotqAs4P7+Daa9EcPuiErNoNrsMBmPiOdTms06s2lAkkTkuWRtbZte74QkCDG0AtOuMhoN0LxlwlmXrMgZ9sf4foV5fMLBgztMxym5SBEyouYv4VV14lSx8+A2TqXGX/31W2yfaRFHOc8+fZk4mePpOkurbTQ9olmtcLRzzNbFC6y1loizjCw30P7xP/3da99/5XXWz6zg6oq7vQMWvSaNxRq/8vnPcNgf8s4bP+XcmVM8+uh5Dg4PmPS7FNmcWR6xtbJCGEVIYTHuHzHuTRF6iu91iLKUQTBiNDlG1yskRYBtSpIowNQq9A/fZanTZHYSkokx82iMriosbSxguxoq13FNwf7eAUmksBwd19e5fOECVd/jpe/dYDI9wPM8ZkHALOkzGMzw6kvcf3CI7TWwNY/3338PIRVnL6yhaW7z2nCS8Owzj9If9TFLEyFz9h4c8MHtm9zdH6JLwaVHLnDz4R5nz5zm5b/517j1Gpe3znGwf8Tps1vcv7vLysY5UiVJp3NG4T5pGGN7NmEUM52ccP70KU5O+uSliZI5wgDT1onCjDDoU6nWAInh20yGYxYWljjqHWEYPo1Fg6PDY559/DHev/4WjcYSpUx5+ukLjMYjPrx9j/FkQqfZ5qknHmVv7yHj8RF5Nmeqdj96yHCIdvWZj1/b2TvELKDdrPODl19laWODfDpmUiaUs5i1s03efus1dvf7vPvjVzBrNcjmJCj6swHHJ1OyOMK0BUfdHZpND6UJiqRgNhrhuA1W2h36RzGzfEQSTnEcm+lkSCrBMQRWdZHZKCKaHiF1RRZJknhKlCRQzkgp6NQ2iUPJcH7AfDymYkvmkeLGrbdRWc4LLzwHUnB4PODkaMR01KPTWqN3OEJpEzTloC2unL32mU8+w96wy0pnnVazzvjkiPOPbrH78IjefMDgaEi93uDC5S1OTvpIpXBdBSoBYTAfTGjWbIbjgI2tTcazKWRjxskIv7pMTs5oPAFNEkczGu0VyjxBKECrUm059A5O0Csx6+tb9HsjTMMmEXPWVhYZDgKUUOiWT6NiMenv8Q//0W8TJgVFGVCpdTh4uM9kFlEw4Ob79/i1v/tL9I8n+O0Km2dOEU2mrK6voL34hb997ev/6l9x9swmf/zHf4HnCR45e5bv/s0PmE0mPPXoIyjDYjToMh3EzGZzVJnTrLdJEsF8dsLa+irzeYYqcsospcgDhNGmDAU5GZ1WA4FgecWn2WoTTAIyS0dpKVkRkEcZdqfJbHhMvb5Mu9EisxXpNEa3Fa7rMDvssbrZRFoeua74N39zne7JHbY2LrG39y5f/cpX+XD3LsF0RmP9EWQBaZ7y/PNX+db/9S02Lp2mqjXR5kVyrTDgxv07/Nrf+SJxEjEYhLiagan56FaV7dUtut057YUaP/+JT7C+sohVaXN59RT15gbPPPEMv/2f/QOGszmO4xLHE6RpEKUzlhYX2D28i8oTGq0Gvd6QQpWoWFHx6ygJK0srCCJmkynj4YDJZMB8PsRVggLJdJJQX6gznheUecbnXvgEL3zsCleuPAFCMp11Wd9co7e7z95gQtXIGfSHXLqyxR/9y99DajbT4ZjGYhvta7/xn157480b+H4DzS6pyBr9SZdYaRweHIIcMksL9vcf8PHnPsZ3/vi7PP3xx+k0KlSXT/HyK3/NZz/+Cf7kpZd49vKjnDp1kWcuXcKgxrn1Vb78xS/y+OXHmcyG9I/7TJIBtkiJRYzh6wT9AWlRMB8nVFo1LAmPP/YkF09tEhcev/jpF9jf3UXTfX7x0x/j7JlT/PiVV5BOwk+uv0/Td1he3iKIQprtJo5pkCpYaLUZj4Y888zfwnCrxOWE/d4dtP2T8bXPfupn6fWnOKaHECE/vv4uX/qFz1Ot1rjXe8ivf+kr7J0MObyzw9d+/cvoecmbb7xDmcOnP/EMlqWxP+zRH4xItJzb79zEczSW1mqQSr7xp3/JL3ziZ/jlz3+Ocq5o1Nvk44IvfuZFRoMp/94Xv8DTj13l8tYWneoiWWlRCkGtanPv7jHLa8s8/7ErfO+HP+Kkn3H+XJ2bt3a5c2eHr/7tT/HP/vn/zp1bN7lx8xZZphif3MHxq4iyT6O9zMHxPgeHN1jffgJt9ezytcHxjDSdUbF94iwhymaEkaDXP2D/wYjeeI/TnRZv3/qA4bjPy6+/R3ttgfs7D7lw6hRGxaFZrfH69ZdRQcnFx8/TPTpkbeE0oYoI5hG/9tUvsry0xv27O3ztq7+K2zaZdWdceeQU94722d85IJjO2Dk8wqi4PPvIWXb2ejz66BpvXH+PIEpw61VkPqBTr+DUG4hS8O57b7OyuME0SnjyiUuMJnuc7PR5/Gef5INbB5QcU86gVuvQbhT8f+nwM5D9O06vAAAAAElFTkSuQmCC', '$2a$10$Yf6C6CUM/7nUsApyyrwHlOUytMSzVvJgKMkWvJVeCpTSANAyDBPEi', 10202168645364130, 9223372036854775807);
INSERT INTO `user` VALUES (19, '謝宗廷', '0987103183', 'gary62107@yahoo.com.tw', '15d28300-dea3-11e3-b', 'https://fbcdn-profile-a.akamaihd.net/hprofile-ak-ash3/t1.0-1/c12.18.155.155/s100x100/547766_578607275491125_1443285479_a.jpg', NULL, 783620638323120, NULL);

-- 
-- 備份資料表限制
-- 

-- 
-- 資料表限制 `friend`
-- 
ALTER TABLE `friend`
  ADD CONSTRAINT `friend_ibfk_4` FOREIGN KEY (`selfUid`) REFERENCES `user` (`uid`) ON DELETE CASCADE ON UPDATE CASCADE,
  ADD CONSTRAINT `friend_ibfk_5` FOREIGN KEY (`friendUid`) REFERENCES `user` (`uid`) ON DELETE CASCADE ON UPDATE CASCADE;

-- 
-- 資料表限制 `gcm`
-- 
ALTER TABLE `gcm`
  ADD CONSTRAINT `gcm_ibfk_1` FOREIGN KEY (`uid`) REFERENCES `user` (`uid`) ON DELETE CASCADE ON UPDATE CASCADE;
